{"train_time_total": 4539.75890827179, "train_epochs": 500, "train_time_avg_per_epoch": 9.079517816543579}