{"train_time_total": 1831.4962244033813, "train_epochs": 500, "train_time_avg_per_epoch": 3.662992448806763}