{"train_time_total": 1757.446079492569, "train_epochs": 500, "train_time_avg_per_epoch": 3.514892158985138}