{"train_time_total": 1849.8367450237274, "train_epochs": 500, "train_time_avg_per_epoch": 3.699673490047455}