{"train_time_total": 3977.0791306495667, "train_epochs": 500, "train_time_avg_per_epoch": 7.954158261299133}