{"train_time_total": 1954.727605342865, "train_epochs": 500, "train_time_avg_per_epoch": 3.90945521068573}