{"train_time_total": 680.8406202793121, "train_epochs": 392, "train_time_avg_per_epoch": 1.7368383170390616}