{"train_time_total": 582.0119032859802, "train_epochs": 240, "train_time_avg_per_epoch": 2.4250495970249175}